step,rationale,rows_before,rows_dropped,rows_after,firms_after
0. raw firm-years,All 10-K firm-years assembled from the source.,57407,0,57407,10304
1. restrict to fiscal years 2016-2025,"Only these fiscal years are fully covered by the downloaded filing quarters. Stragglers outside the range are delinquent filers whose years are represented by a handful of firms, not a usable cross-section.",57407,141,57266,10276
2. drop missing SIC,Industry filters below cannot be applied without an industry code.,57266,550,56716,10078
3. drop financial firms (SIC 6000-6999),"Bank and insurer balance sheets are structurally different; total assets does not mean the same thing, so scaling by it is not comparable.",56716,14590,42126,7251
4. drop utilities (SIC 4900-4949),"Rate-regulated returns make utility earnings mechanically smooth near a target; conventional in this literature. Optional filter, applied here.",42126,1404,40722,7034
5. drop missing net income,"No numerator, no observation.",40722,703,40019,6979
6. drop missing or non-positive lagged total assets,"Denominator must exist and be positive; a non-positive denominator flips the sign of the scaled measure. Beginning-of-year assets, never end-of-year.",40019,764,39255,6882
"7. size floor: lagged assets >= $10,000,000",Tiny denominators produce extreme scaled values and are the known source of the scaling artifact in Durtschi-Easton. Sensitivity to this floor is reported in robustness check 6.3.,39255,8011,31244,5366
8. one filing per firm-fiscal-year,Amended and transition-period filings can duplicate a firm-year; the most recent period end is kept.,31244,4,31240,5366
